[
  {
    "value": {
      "enabled": true,
      "description": "My MySQL extension",
      "version": "0.1.1",
      "featureSets": [
        "io",
        "cpu",
      ],
      "sqlMySqlRemote": {
        "endpoints": [
          {
            "host": "mysqlhost",
            "port": 3306,
            "databaseName": "dbname",
            "authentication": {
              "scheme": "basic",
              "username": "user",
              "password": "password"
            },
            "ssl": false
          }
        ]
      }
    },
    "scope": "ag_group-default"
  }
]